{
  "run_id": "endurance_cycles_200",
  "n_cycles": 400,
  "g_start_S": 8.135013703268026e-05,
  "g_end_S": 4.5618732987194255e-06,
  "g_min_S": 1.968990833858872e-06,
  "g_max_S": 8.186642388650307e-05,
  "g_mean_S": 2.9694491341036404e-05,
  "g_std_S": 2.7629637780652735e-05,
  "drift_pct": -94.3922979541057,
  "slope_S_per_cycle": -8.84284315900078e-08,
  "r2_linear": 0.034142974158410055,
  "window_last_n": 40,
  "cv_last_window": 0.801823572440328,
  "lrs_drift_pct": -94.3922979541057,
  "hrs_drift_pct": 129.91007758230205,
  "window_ratio_mean": 9.989059646484781,
  "window_ratio_min": 4.36292753814136,
  "window_ratio_max": 21.08371350261043,
  "notes": ""
}