run_id,n_cycles,g_start_S,g_end_S,g_min_S,g_max_S,g_mean_S,g_std_S,drift_pct,slope_S_per_cycle,r2_linear,window_last_n,cv_last_window,lrs_drift_pct,hrs_drift_pct,window_ratio_mean,window_ratio_min,window_ratio_max,notes
endurance_cycles_200,400,8.135013703268026e-05,4.5618732987194255e-06,1.968990833858872e-06,8.186642388650307e-05,2.9694491341036404e-05,2.7629637780652735e-05,-94.3922979541057,-8.84284315900078e-08,0.034142974158410055,40,0.801823572440328,-94.3922979541057,129.91007758230205,9.989059646484781,4.36292753814136,21.08371350261043,
