{
  "run_id": "endurance_cycles_200",
  "n_cycles": 400,
  "g_start_S": 0.0283496972904787,
  "g_end_S": 3.813134039662029e-06,
  "g_min_S": 1.989638973617824e-06,
  "g_max_S": 0.029694993794024,
  "g_mean_S": 0.010047688374756772,
  "g_std_S": 0.010773510084308328,
  "drift_pct": -99.98654964812995,
  "slope_S_per_cycle": -3.6199737076233486e-06,
  "r2_linear": 0.0003763260440456939,
  "window_last_n": 40,
  "cv_last_window": 1.0739774729292895,
  "lrs_drift_pct": -99.98654964812995,
  "hrs_drift_pct": 83.6009853679402,
  "window_ratio_mean": 3297.405438912151,
  "window_ratio_min": 1541.3948632134702,
  "window_ratio_max": 7161.466341049904,
  "notes": ""
}