{
  "run_id": "iv_sweep",
  "vread_V": 0.2,
  "ion_A": 2.650196791901557e-06,
  "ioff_A": 1.3721606295727512e-06,
  "on_off_ratio": 1.9314041918887783,
  "vset_V": 0.0,
  "vreset_V": 0.6,
  "hysteresis_area": 4.138563469848222e-06,
  "notes": ""
}