run_id,vread_V,ion_A,ioff_A,on_off_ratio,vset_V,vreset_V,hysteresis_area,notes
iv_sweep,0.2,2.650196791901557e-06,1.3721606295727512e-06,1.9314041918887783,0.0,0.6,4.138563469848222e-06,
