{
  "run_id": "iv_sweep",
  "vread_V": 0.2,
  "ion_A": 2.649006227833993e-06,
  "ioff_A": 1.3780359977108089e-06,
  "on_off_ratio": 1.9223055364551564,
  "vset_V": 0.05,
  "vreset_V": 0.0,
  "hysteresis_area": 4.1257396914583035e-06,
  "notes": ""
}