run_id,t0_s,t_end_s,g0_S,g_end_S,retention_ratio,t50_s,tau_s,r2_exp,g_inf_S,notes
retention_reads,0.0,2000.0,6.00707584450971e-05,2.0028925448067977e-05,0.333422216840725,175.86078373133046,131.40955746994143,0.9917344376969073,2.0028925448067977e-05,
