{
  "run_id": "retention_reads",
  "t0_s": 0.0,
  "t_end_s": 2000.0,
  "g0_S": 6.00707584450971e-05,
  "g_end_S": 2.0028925448067977e-05,
  "retention_ratio": 0.333422216840725,
  "t50_s": 175.86078373133046,
  "tau_s": 131.40955746994143,
  "r2_exp": 0.9917344376969073,
  "g_inf_S": 2.0028925448067977e-05,
  "notes": ""
}