{
  "run_id": "retention_reads",
  "t0_s": 0.0,
  "t_end_s": 2000.0,
  "g0_S": 5.993176674478442e-05,
  "g_end_S": 2.008716727044449e-05,
  "retention_ratio": 0.33516728041715177,
  "t50_s": 174.15705514419554,
  "tau_s": 330.4948563256775,
  "r2_exp": 0.813363887355206,
  "g_inf_S": 1.9968602561818427e-05,
  "notes": ""
}